Unnamed: 0,AUS/US,EU/US,NZD/US,UK/US,BRZ/US,CND/US,CHN/US,HNGK/US,INDIA/US,KOR/US,MEX/US,AFR/US,SNG/US,DNM/US,JPN/US,MLY/US,NOR/US,SWD/US,SRLNK/US,SWTZ/US,TIWN/US,THAI/US,INDIA_pct,SRLNK_pct,AUS_pct,NZD_pct,UK_pct,BRZ_pct,CND_pct,CHN_pct,HNGK_pct,SNG_pct,DNM_pct,JPN_pct,MLY_pct,NOR_pct,SWD_pct,SWTZ_pct,TIWN_pct,THAI_pct,AFR_pct,KOR_pct,MEX_pct,EU_pct,INDIA_CDF,SRLNK_CDF,AUS_CDF,NZD_CDF,UK_CDF,BRZ_CDF,CND_CDF,CHN_CDF,HNGK_CDF,SNG_CDF,DNM_CDF,JPN_CDF,MLY_CDF,NOR_CDF,SWD_CDF,SWTZ_CDF,TIWN_CDF,THAI_CDF,AFR_CDF,KOR_CDF,MEX_CDF,EU_CDF
10.0,1.524645,0.987345,1.95105,0.6096199999999999,1.8057349999999999,1.4486,8.279215,7.779059999999999,43.5895,1130.99,9.493525,6.13086,1.675665,7.349175,105.296,3.8,8.024125,8.49175,73.14,1.59026,30.889499999999998,37.38,0.012089749860891431,0.08741455579190517,0.17745903492378462,0.3171739747115721,0.030033170821737527,-0.005932218099850766,0.01947746198150442,-0.0013350055407222363,0.0030449197123840286,0.1407913957930782,0.2161864865098658,0.28648973949606465,0.0,0.21964467780823482,0.22939183564375168,0.22640566770108303,-0.100327550289604,0.08317902303768043,0.1598346863772155,-0.016724902809420916,0.13290746850972657,0.21302372735246178,0.09555079497257939,1.221190449359763,0.5305414899587187,2.6183829696966434,-0.8486540619353833,0.07207504078176637,0.15630044755034167,-0.0074374486907870605,0.0346474229353919,1.2233272865628972,0.29635363749659477,3.6773197443701116,0.0,0.7933709035532384,0.609092977166435,0.6372551793324527,-1.5516235568710985,1.176960475351498,0.08373926418361906,0.30298589202327225,1.035485335531732,0.290784802049521
63.858823529411765,1.661324705882353,1.05474,2.0566035294117646,0.6386164705882353,1.7789141176470586,1.4694788235294116,8.278508235294117,7.786329411764705,43.76616470588235,1118.9057647058823,9.402010588235294,6.619464705882352,1.7144599999999999,7.858138823529411,107.39329411764706,3.8,8.586996470588234,8.799995294117647,74.09623529411765,1.671644705882353,30.706529411764706,38.16676470588236,0.026925399515411598,0.020678298660228953,0.1332556821025638,0.09684060808750491,0.09305380674285572,0.017477840483064052,0.03718527126478799,-5.6765144779604446e-05,0.0017679378811989476,0.023182105836688324,0.05786668728555566,0.007407572425426465,0.0,0.08750147007800804,0.024786122177195197,0.03002834426435661,0.005091651466303852,0.05175012328481747,0.11818662512893215,0.006740859121319426,-0.0150288445911785,0.0557115713332313,0.49827190980189495,2.4889559223657876,9.255846714675712,7.939019937080426,3.8716003988217436,-1.37250809576957,1.5993668093362285,-0.015598210115201905,0.12632618300207754,3.4717427695533476,7.072026016233813,5.615809434037999,0.0,7.57132347346281,4.256067422360791,5.725648411274537,-1.94792308436111,3.2233242392376193,7.7635286014138,-0.7525999233600172,0.05017732932376239,6.973033281260193
150.95294117647057,1.7282364705882354,1.0929129411764706,2.2345447058823527,0.6735152941176471,1.813930588235294,1.4809882352941177,8.278668235294118,7.797065882352941,45.33623529411765,1116.2377647058825,9.473358823529411,6.984517647058823,1.7320270588235294,8.152923529411765,107.31282352941177,3.800005882352941,8.893128235294117,9.162295294117648,78.12164705882353,1.6915,31.027517647058822,40.54768235294117,0.03691161172153081,0.06886013164775975,0.06455212917321507,0.13969275107397544,0.015802396802387472,0.01151803583806719,0.007770771265847543,0.00035539014724234367,0.0006645341974617146,0.0035552549807813787,0.06659193417222836,0.0032817719491546097,2.036557837403099e-08,0.02111229768033737,0.08341366232371053,0.028632716466183837,0.017993708459422962,0.08573208506866903,0.043040521614135484,-0.01487410596608703,-0.007105970308666939,0.06624120583613227,4.045066833815119,7.868548779416679,13.395430896518482,16.44793996919347,9.312893295598771,0.6785518851267599,2.4288353624248438,-0.013659378989701957,0.2641550265635596,4.508086232636369,10.970067024277183,5.7440691268907855,0.00015636691114464922,11.284836640462311,8.416226075672812,7.083611237595276,-0.8987125006150963,9.303087179923265,13.365646257054337,-0.9585074442038328,0.9220299169962632,10.741613585514347
238.19277108433735,1.8609879518072288,1.1310313253012048,2.3973759036144577,0.6878891566265061,1.9369180722891566,1.5200253012048193,8.277653012048193,7.798900000000001,46.65975903614458,1194.0301204819277,9.571524096385543,7.650484337349397,1.7437144578313253,8.42530843373494,111.57578313253013,3.8,9.144773493975904,9.812036144578313,81.88192771084337,1.7174759036144578,32.511506024096384,43.38156626506024,0.010368284617928245,0.15812243345381424,-0.01180978725913055,-0.0960760889513817,0.01575628898687777,0.08233189105875718,-0.005513914025370346,-0.0002472524937377719,0.00037144339346192044,0.0032073000039519193,-0.055805826400928085,0.09258203992006868,0.0,-0.029568484825224308,-0.010325228665544516,-0.05767989828571734,0.03943549870161867,0.011014201169444243,0.09143463797799936,0.14675085917432237,0.031354537239787365,-0.05982071615874501,6.957269565091724,12.57562334843334,21.023966572616295,23.815525144134032,11.583412380041578,7.319655045122755,5.06699725272977,-0.025911316630187545,0.2877318287228572,5.197762668641194,14.655772270603924,9.701106494417271,1.731074161792634e-06,14.24507367961798,15.51973175211104,8.773565634788985,3.7936933621072635,16.197125856921783,22.63370526800902,5.750201303482776,2.054952738981577,14.375090568949169
325.39285714285717,1.9471869047619048,1.113638095238095,2.382578571428571,0.6949321428571429,2.151359523809524,1.5454547619047618,8.277172619047619,7.799729761904762,46.74333333333333,1293.7346428571427,9.438184523809523,7.946948809523809,1.7868642857142856,8.312404761904762,120.94809523809523,3.8,9.036917857142857,10.100241666666667,88.00702380952382,1.7075809523809524,32.78767857142857,44.467642857142856,0.01435545029387364,0.02891457494490041,0.09669792761785907,0.09915197251455034,0.037627131100197234,0.21804042833369314,0.03738173588267816,-0.00015742664996519297,4.592061883708828e-05,0.04435704411672247,0.11581446864674978,0.027346918972150015,0.0,0.07291073267653278,0.15152609178807025,0.10908048330013896,0.057847861806080224,0.07966721352083918,0.03979180547518893,0.024640406111165972,-0.06368991143540886,0.11689924084513503,7.170229184019041,20.270263439351133,25.803681264425407,23.553517996277577,12.731798713695087,17.923088465944296,6.786249223853725,-0.031694736104575676,0.29839408088507624,7.652182539001612,13.758297974719069,17.932693809566665,1.731074161792634e-06,13.286558712442334,18.667793110762585,8.459030022545283,4.672886636164366,18.720206721888303,26.679911545373155,14.036705265386248,0.7436307775582096,13.130393769659563
411.09638554216866,1.9449578313253013,1.1358963855421687,2.393801204819277,0.7003096385542169,2.5042289156626505,1.539777108433735,8.276931325301204,7.799733734939759,47.26481927710844,1294.7590361445782,9.193990361445783,8.300890361445783,1.788487951807229,8.458948192771084,121.81060240963856,3.7999951807228913,9.07523253012048,10.623039759036145,90.20578313253012,1.716410843373494,34.59474698795181,45.058192771084336,0.023354931449626595,-0.02559108447366773,0.03256819390305134,0.007991444564617345,-0.041963909431586816,0.1600832646583468,0.026467403299791987,-2.905302402297481e-05,-3.081674511557544e-05,-0.028179580921355262,-0.08853606703986666,0.005419993280195658,3.838119688202104e-08,-0.06421936153140498,-0.008231711853967516,-0.12320202158041794,0.021679352189306653,-0.02403248194680917,0.14339025597842495,0.019258023432882854,0.046785161683422935,-0.08596131433209489,8.284814605161342,22.869403330732798,25.963835673262352,24.26312997823441,13.596113694117989,33.82033023029111,6.485153938809187,-0.0345539511332432,0.29845288845975404,7.768765584444597,15.669109878488891,18.81439530695334,-0.00012485252756247488,13.814829876839692,23.96751807960914,9.100449079638485,10.079198274158827,20.10175544463058,31.115123140259218,14.251408882154303,-1.7554617366303715,15.272218433897295
498.8072289156627,1.9506807228915661,1.1211686746987952,2.3958168674698794,0.6945626506024096,2.5121506024096387,1.585432530120482,8.276810843373493,7.799326506024097,48.09759036144578,1298.587951807229,9.223407228915661,10.561555421686748,1.8292843373493977,8.34106265060241,126.00397590361446,3.8000192771084333,8.923839759036145,10.551465060240965,92.54457831325301,1.6532891566265062,34.69855421686747,44.295180722891565,0.016547379130598356,0.04665529313330277,-0.02832796331986753,-0.027275563804676405,0.048970832605090074,-0.12079448310852597,0.009609689889448762,-4.198714193314364e-05,-1.5155789146305493e-05,0.04686719168372121,0.06911982714901549,0.1424212071410745,2.419306227908985e-08,0.031796291540860264,0.0002626638351337202,0.074313968401867,0.014958808725581807,-0.012067756527335499,0.3048643299051815,0.012080423868905961,-0.04677243303125451,0.07053603139310553,10.074094148425392,25.430303071862618,26.535051481474824,24.621706209557995,12.882740453755261,34.56417728411909,9.450724893267733,-0.03597163466377679,0.2932417203092638,10.083522604079011,14.489531365528864,22.284728840765695,0.0005141161213633145,12.286900959413131,23.529671858160647,5.6159810195743445,10.38737359363678,18.419863905552166,55.35485342356339,14.590595134914627,-1.358426291071651,14.189550145747383
586.4166666666666,1.882709523809524,1.1262607142857144,2.277252380952381,0.6955940476190475,2.3911857142857142,1.5782178571428571,8.277054761904761,7.799691666666666,48.86595238095238,1305.213095238095,9.216482142857142,11.035110714285715,1.8220178571428571,8.372720238095237,130.34190476190474,3.800041666666666,8.630008333333333,10.304738095238095,95.28535714285715,1.6517988095238096,34.85666666666667,43.364666666666665,0.012235694986177593,0.03390922678005223,-0.12946583371046683,-0.16426682938347864,-0.041289214616509126,0.05639037502992134,-0.04843309569328343,1.8796795072820567e-07,7.827644704242307e-05,-0.03159915909183813,-0.09767570236831283,-0.08943252682436865,6.182407720687979e-08,-0.15274912900595253,-0.10684307707555901,-0.10718733720642244,-0.032374514040108326,-0.0463275712259065,-0.1786936040514126,-0.08902352027469777,0.06410699486747863,-0.09788621962568055,11.664457454311037,28.354177544271096,23.07830999498801,19.635362405309596,13.088795801863691,30.043978246232673,9.039555213676337,-0.032911391525906816,0.29800749737440685,9.705110501984118,14.96065169193431,25.861833544288544,0.0011077848671978802,8.971564443163183,21.290911116535362,5.629020630987493,10.84561511532496,16.313070172487397,61.59515183482912,15.127312028587559,-1.4010341987947164,14.740110073157506
672.4642857142857,1.8117380952380953,1.0233309523809524,2.1036333333333332,0.6522202380952381,3.0294464285714287,1.5558190476190474,8.276811904761905,7.79997380952381,48.71178571428571,1201.5584523809525,9.861365476190477,10.366885714285715,1.7642559523809522,7.603760714285714,120.22607142857143,3.800005952380952,7.579980952380952,9.420685714285714,96.28928571428571,1.4997321428571428,33.889047619047616,42.10664523809524,-0.016106474248751636,0.0012444230820619576,0.05199030861416508,0.02568359259261574,-0.08314384877940702,0.5149197554394803,0.0459296342082745,0.0001303357246857875,-3.0493526834813033e-05,-0.006162191738960588,-0.06508087639823021,-0.020580806954891867,2.0608025735626594e-08,-0.08882067783020722,-0.056367193835999786,-0.0701789905216094,0.030436287615248636,0.027021856384358094,0.09546867336814246,0.009796522560431974,0.06893293396560696,-0.06460583054789962,11.349573822255126,29.410480479446488,19.40566240620713,11.950236163449139,6.709677512614768,54.45223532967413,7.666551966034885,-0.03577449059810175,0.30172613043523805,6.517005703872064,5.494793129043104,17.976728233357726,0.00016941902099104888,-3.771692937141028,12.508568188710052,-3.8349633482186043,8.038922394377783,13.416502630531975,56.01037622160307,6.955570324849153,5.491158059249586,5.321236193387672
759.7349397590361,1.7736397590361446,0.9852867469879518,1.9748783132530119,0.6318469879518073,3.6160409638554216,1.5625036144578315,8.277373493975904,7.799277108433735,48.195180722891564,1208.7036144578312,10.284018072289156,9.404730120481927,1.7599253012048193,7.320331325301204,121.58253012048193,3.8,7.218986746987952,8.98082891566265,96.58831325301205,1.4436469879518072,34.751807228915666,43.27361445783133,-0.014229254300708209,0.006868020675210173,-0.09095929926157464,-0.1748156613068079,-0.05508585341820367,-0.082774248756131,-0.04401333771818439,-8.651956040789454e-05,4.6398425369134534e-05,-0.025927809876631375,-0.09815276339023678,-0.016150616159312646,0.0,-0.07268637722013892,-0.08760699240533146,-0.08985401467636099,-0.010567813122658778,-0.014171927494362743,-0.2529871426749805,-0.06162280145905989,0.08019061658217627,-0.09939021532329533,10.285397472167425,29.721323509453818,17.405463941594544,5.724044691364646,3.6474522751883622,74.2003058324482,8.161474819459483,-0.028968050614838592,0.29279683986160626,6.310904800671587,1.8031932076795152,19.282938326344503,1.3849034319335374e-05,-8.499527514432936,7.859711424780873,-7.497083879838338,10.589187477052006,16.23346497180796,46.45764698190734,7.682239246773808,9.802154342524112,1.6377100852596433
846.9277108433735,1.631044578313253,0.9097132530120483,1.7903855421686747,0.626689156626506,3.26855421686747,1.4562903614457832,8.277319277108434,7.799326506024097,47.47373493975904,1215.7638554216867,10.665308433734939,7.903066265060241,1.7537542168674698,6.757132530120482,118.82253012048193,3.8,7.076856626506024,8.342798795180723,97.01734939759035,1.3528518072289155,34.74534939759036,42.704397590361445,-0.019218764143680424,0.0037324564832880492,-0.1253412501961326,-0.0666157372853055,0.005342078110394338,-0.19238979756028574,-0.12976680563196447,1.7141437452861387e-07,-0.00021622782515887687,-0.002715972806983417,-0.10976693704946282,-0.00310150296391282,0.0,-0.04611509434825062,-0.12319034175741146,-0.057409885257913254,0.0035739344637451603,-0.02878818220714262,-0.05728114381160311,0.04795710704550052,-0.06193188125196571,-0.1081880171963423,8.782858881858015,30.16562475324396,9.118382393881944,-3.847003075239755,2.9204971948024694,64.50751048432953,1.138893150921807,-0.02955463962147069,0.2934344528559132,5.988367995864952,-6.081024618110376,17.124271547554372,1.3849034319335374e-05,-10.305765828813172,0.6090805134814118,-13.820158711096008,10.58431756639018,14.933544501823436,29.811565711322245,8.430842927229351,13.571240017243682,-6.22121546086357
932.964705882353,1.514824705882353,0.8803141176470588,1.7131176470588236,0.6163694117647058,2.9239352941176473,1.3736611764705882,8.277151764705883,7.795614117647059,46.18094117647059,1179.8435294117646,10.664248235294117,7.52649294117647,1.7475764705882355,6.541268235294117,117.6344705882353,3.8,7.247870588235294,8.057727058823529,96.66776470588236,1.3590517647058824,34.33635294117647,41.41029411764706,-0.032581199649291764,-0.034062721225958235,-0.04703212904671154,-0.035805085268274264,-0.014560031067629708,-0.01711580393393272,-0.015690182893524085,4.2663347362627196e-05,-0.008185273423669748,-0.0026611157254407447,0.013527858008823572,-0.08084888159190004,0.0,0.06524950907763485,0.000739420105641705,0.019259884628103026,-0.031858557415999536,-0.048543204515546175,-0.163138563131374,-0.05909264641954266,0.07485360279993515,0.013934846114285193,6.027985464138498,29.802779803226922,2.0076481401273383,-8.049374357218786,1.388432059566611,54.17563708312448,-4.491994976312429,-0.03157611664429405,0.24581640227168602,5.681182341093235,-9.120161055774194,16.233608884669252,1.3849034319335374e-05,-7.697754911533363,-2.653686440444953,-13.14848265002407,9.403927643349823,11.874769388975885,25.823228387037265,5.547427019166737,13.754068501618358,-9.302122994876447
1020.2317073170732,1.3720256097560977,0.827759756097561,1.5717,0.5765207317073171,2.888780487804878,1.3111780487804878,8.276923170731708,7.758906097560975,45.49524390243903,1182.668292682927,11.129036585365855,6.790303658536585,1.7174804878048782,6.158793902439024,108.16707317073171,3.7999999999999994,6.887093902439025,7.48390487804878,96.21670731707317,1.2885158536585366,33.90853658536585,39.639402439024394,-0.012135002908533551,0.037067092289266045,-0.13801603051282643,-0.14387802188472099,-0.11040238326581092,-0.0002750465414515743,-0.01988756038004481,-4.4172224163243025e-05,0.005211566900079813,-0.025959014124276876,-0.07488607146504922,-0.06144891856883453,0.0,-0.0035569926777169435,-0.05153731317561444,-0.055278923479316795,-0.014030135856095314,-0.0239586764920026,0.029508538439137897,0.025988311139509373,0.002543155963131542,-0.078943581893439,4.549812489227282,29.363998651307757,-7.770012272251337,-16.576199930034594,-5.237752722723822,53.14113586779843,-8.999819219705811,-0.03433544391223093,-0.22296196358216783,3.9692431197104985,-14.996492774689345,7.979089317404573,1.3849034319335374e-05,-12.549088824805958,-9.810321351276846,-18.29006405113879,8.161140408898298,7.569327376974777,16.055399849466415,5.861506445153921,18.146527016914064,-15.31624808811891
1107.3809523809523,1.346925,0.8191999999999999,1.537422619047619,0.5497333333333333,2.9598154761904762,1.3443559523809523,8.277039285714286,7.790891666666666,44.80482142857143,1165.8119047619048,11.206945238095237,6.679619047619047,1.695932142857143,6.100329761904762,108.75797619047619,3.8,6.921136904761904,7.5205119047619045,98.23970238095238,1.2767821428571429,33.21539285714285,39.6447619047619,0.0032353109184103074,0.02240478165651287,0.0839459009009037,0.08331028697330457,-0.004267913588933995,0.07654251897829732,0.03685830138099575,1.4403273825609147e-05,0.0025431041755032335,0.0040130161847735605,0.024502306164062942,0.050448748119977495,0.0,-0.046853528544243433,0.010915474875637852,-0.0015531069588479004,-0.0006048120812938258,0.04097315752468506,-0.08727623687656758,-0.00799191927314218,0.04399705900112804,0.02576122690624849,3.034503332574082,31.49557432166548,-9.287682937369812,-18.453821951923434,-9.751266855904008,55.680295558658656,-6.346662834311208,-0.032930818651388145,0.18917694819457842,2.741243021410369,-15.674233122469563,8.631346797602268,1.3849034319335374e-05,-11.730657821987649,-9.018230334038739,-18.883680249999504,6.114545960886791,7.601153841946427,15.38082462362149,4.499555919769768,18.96477932512976,-16.08706011448257
1194.4302325581396,1.4171790697674418,0.8193453488372093,1.5451465116279068,0.5490895348837209,3.0164127906976743,1.3206279069767441,8.276711627906977,7.79926511627907,45.9821511627907,1156.1744186046512,11.434715116279069,6.390836046511628,1.7088802325581394,6.093541860465115,109.81197674418604,3.8000000000000003,6.854241860465116,7.502423255813953,102.66116279069769,1.2551883720930233,33.82186046511628,41.20020930232558,0.012816836377372388,0.05135748466158393,-0.013433149419354314,-0.08027819525152907,0.016666105115013527,-0.09489265210758463,-0.08860553555660411,-4.214214271126482e-05,0.0006421695319679735,-0.009073404641972265,-0.016925530249363087,0.0020501631309422985,0.0,0.0027612993387689795,-0.024866399116602045,-0.003470649821254549,0.02203569847843023,0.02382722210378824,0.0009665567079339345,-0.012724074155231184,-0.0024189989587804508,-0.017251256783904385,5.686216942639107,35.91626383563334,-3.7232310207812414,-17.411979697662563,-9.668623180149554,57.8084938306267,-8.016606986203088,-0.03688858752463944,0.2969131963493567,3.554309553177605,-15.553498788623603,9.847248371423428,1.3849034319335374e-05,-12.44840622195271,-9.018866795570187,-20.288862586721304,7.962279357179321,11.493963188616172,11.755154105201882,3.7444069151131045,21.061259760855513,-15.84142866667347
1282.2650602409637,1.3167144578313252,0.7684831325301205,1.4246867469879518,0.5347132530120482,2.7593530120481926,1.2217481927710845,8.276509638554218,7.783510843373493,44.53180722891566,1078.0524096385543,11.305721686746988,6.012683132530121,1.650889156626506,5.71395421686747,105.10975903614458,3.8,6.30695421686747,6.9328975903614465,103.10981927710843,1.1811409638554218,32.62507228915663,39.84951807228916,-0.061663571599475796,-0.053222355435556645,-0.0801326899626087,-0.059396823788004524,-0.04832903082882126,-0.10918169400767899,-0.022038876673294062,-1.4554472613861656e-05,0.00015016213008656456,-0.03474539618636913,-0.058206400154467396,-0.07295492207420579,0.0,-0.06609439057074597,-0.050049814416532674,-0.05648144101929705,-0.08276743019611119,-0.08650160676577845,-0.10110451605192147,-0.13718989380647253,-0.01821925233876893,-0.058173103373838186,2.494400631260528,36.357729779190166,-10.85093628781474,-25.294128874316915,-12.23237790190143,49.03241178598663,-15.653286985750249,-0.03932872556762705,0.0952300560877605,0.12781435644783012,-21.884258713909215,5.5875277122020375,1.3849034319335374e-05,-20.608683821718966,-16.78197853620427,-26.22163570606586,4.3796256537792315,8.163179712944213,6.096361767076116,-3.262775568042151,19.97495264713772,-22.15241285844406
1368.345238095238,1.2878773809523811,0.7716428571428571,1.3859142857142857,0.5302761904761905,2.586261904761905,1.2363047619047618,8.2765,7.797155952380952,43.55357142857143,1010.3328571428572,11.0957,6.127414285714286,1.6425011904761906,5.744939285714286,106.00428571428571,3.8,6.317590476190476,7.046747619047618,99.53380952380952,1.1946,31.327761904761907,39.09402380952381,0.0007173383838710023,0.010951079927887505,0.027818039410409418,0.009923124027300112,0.04096030590393929,-0.09143914947150042,0.01232190801007063,0.0,-0.0031313197029040974,0.019710640571543064,0.06728865461618322,0.05110906624621947,0.0,0.015318649830719934,0.0732801862343962,0.057784326412504576,-0.02122634226393715,0.06122682191445971,0.1594992610855307,-0.024752084532547076,-0.03111312042807473,0.06723120060469463,0.325320282632271,32.97805920526086,-12.844709589666287,-27.838991385235495,-12.928799340189196,42.77704988453528,-14.30251450190862,-0.039445123709691554,0.27082451538488456,-0.3423516607063571,-21.18513385395052,6.614496936507679,1.3849034319335374e-05,-20.217022935063987,-14.94910478664863,-24.870290628676905,0.4166725830031725,6.315026522773938,8.527671985857278,-9.574908401635284,18.1591410719262,-21.585088251837217
1455.453488372093,1.3132616279069766,0.8207767441860465,1.4377558139534885,0.5578313953488372,2.360758139534884,1.211286046511628,8.173017441860464,7.770816279069768,43.588837209302326,1024.7753488372093,10.741466279069767,6.563583720930233,1.6741453488372091,6.1186302325581385,110.59860465116279,3.7784406976744185,6.471067441860465,7.664472093023256,100.5746511627907,1.2722116279069768,32.052441860465116,41.186511627906974,0.0086860777661736,0.01641289372245678,-0.005954242393757137,0.023277292414617814,0.03618243728135387,-0.09521971964811991,-0.0860498584170108,-0.025976129461590836,-0.0033051554822541617,0.019235792141551453,0.032327512914643655,0.05760676638853594,-0.009414874903610121,0.021087694651144483,0.05116023309605624,0.042381713201844085,0.07471243067175333,0.01372515187135744,-0.0654259037910381,0.043695495188311596,-0.012296223559181257,0.029098904858119452,0.42109923431673,34.02845315479692,-10.7355992068627,-23.9832677424394,-7.753320141068125,34.04281167182073,-16.257521126424294,-1.2915805371179618,-0.06728718176432244,1.6095734512302249,-14.745944714995538,10.979976161082963,-0.5681623952760572,-17.654066406417595,-6.360970980288807,-18.425192484223977,2.7486659697715474,11.585984234729665,15.942578064319031,-8.067437554446172,14.965768511396787,-15.272345495524773
1542.8271604938273,1.3418506172839506,0.837095061728395,1.444383950617284,0.5703679012345679,2.2533234567901235,1.1693037037037037,8.078566666666665,7.754107407407408,45.04481481481481,1022.6104938271604,10.668418518518518,6.415950617283951,1.6736209876543209,6.243392592592593,116.83592592592592,3.7707530864197527,6.626974074074074,7.895814814814815,101.82111111111111,1.2955370370370372,33.09454320987654,40.65185185185185,0.001019993813199133,0.009673344532346029,0.01301775031465301,0.01683370160635098,-0.007174443826574173,0.0027808336204680232,-0.017273555288120787,-0.00476585413217554,-9.455446166108637e-05,-0.05045010657682867,-0.008471012291162894,0.040314403811933415,-0.005930430311810546,0.025138069159873707,-0.018044523392294714,-0.00804775241890693,-0.04539664551101119,-0.06570775066477606,-0.05100112463780655,-0.10197891731632192,-0.04002517658726914,-0.008409638867715277,3.723225020658894,35.269031559388715,-8.448168190843328,-23.343837645871037,-5.402492984777473,29.749595284496838,-19.673527314565764,-2.4395128721976116,-0.2823432143201186,1.5980384103928063,-12.598067366352318,16.590983781837025,-0.7675947017532329,-15.08907338197634,-3.220497971957618,-16.444208442106394,5.981026772896825,10.300876192993071,13.873932536410727,-8.228104633973427,14.349335464649561,-13.174871023523231
1629.3690476190477,1.3480166666666666,0.8162654761904762,1.565975,0.5612452380952381,2.1526714285714283,1.1398690476190476,8.028025,7.7570476190476185,44.65404761904762,959.4675000000001,10.850084523809524,6.194013095238096,1.6060190476190475,6.089336904761905,115.90714285714287,3.6746202380952377,6.463809523809524,7.630941666666667,102.59190476190476,1.277279761904762,32.19738095238095,38.5377380952381,0.06021622054289648,0.009887542262454342,0.010132104852826552,0.09111157204263212,-0.05835235543528214,0.0548010483104371,-0.04242657957167006,-0.005801974500478447,9.298570735735303e-05,-0.03385444746404065,-0.06425788317741438,-0.046539959297671,-0.039085784672784105,-0.10788613827216505,-0.06077412244677688,-0.058100030806856884,0.0013726315996518254,-0.02453188392524106,0.12061164902575863,-0.015922116621862787,0.0943800021956726,-0.06329353458474272,2.8894126021254456,36.027229174847584,-7.8909438779457775,-15.110718175278961,-6.954119691696692,25.5081175442056,-22.157558795333628,-3.0665139005619673,-0.2443663125842821,-2.497553455231033,-15.017502170013548,15.924145881637912,-3.3510889565461035,-17.467057778615477,-6.493582014439665,-17.756936901321158,3.288587154255972,5.022097106784956,10.602471257502273,-14.484588981809614,16.085816928037893,-15.61557121605156
1715.9529411764706,1.3287741176470589,0.7861952941176471,1.5848129411764706,0.5357576470588236,2.19036,1.1192023529411765,7.975462352941177,7.77376705882353,46.18082352941176,954.844705882353,11.060931764705883,7.101018823529412,1.5826023529411763,5.863943529411765,115.85458823529412,3.6686941176470587,6.298531764705881,7.2568,103.4465882352941,1.2364447058823531,32.67741176470588,37.83635294117647,-0.006486317091132232,0.009216625447677436,0.010333524855267891,-0.02729426330598518,0.002432348653365841,-0.06842654386077458,0.01431807415494711,-0.017330186245957977,0.00523819064684794,0.0077631580469218016,0.01477107701035387,0.05983001387618745,0.018390313780405995,0.08358736783573259,0.017788760816196077,0.03437339051020466,0.040456518771833684,-0.015449393548437426,0.17763163375591395,0.0014076145451878768,-0.031741459366783596,0.01465022879059494,6.308042721286284,36.85798006894149,-9.16151593232903,-13.662952531430184,-11.445137436175603,27.7814432145161,-23.864685536818477,-3.7218316640656317,-0.028979280505317492,-3.919589305213558,-18.644080014813095,16.024678972678604,-3.4655017870959535,-19.848709644643503,-11.30975760785678,-20.81851210892639,4.823801892361318,3.2449209085773645,24.757250263725517,-14.880146871114354,18.146777609260628,-19.225454122431284
1803.1927710843374,1.292855421686747,0.7741180722891566,1.4720060240963857,0.5190951807228915,2.146587951807229,1.148421686746988,7.843646987951807,7.785073493975904,44.695180722891564,937.6,10.902865060240964,7.277837349397591,1.5528240963855422,5.770459036144579,118.43795180722891,3.593489156626506,6.404214457831325,7.0588228915662645,107.43337349397589,1.2375108433734938,32.8244578313253,36.172048192771086,-0.04995701762869991,0.05561995138056836,-0.043313604854394124,-0.05720126199874896,-0.05533584724747832,-0.024131031841855048,0.06788231244924409,-0.020352773109148507,0.0025571447064083883,-0.038173283296006846,-0.02847881699455961,0.03144447219755524,-0.061756690340776875,-0.044376058829020154,-0.0572112060101345,-0.0021703500255995357,-0.005182501364428515,-0.08986524332338562,-0.07750405401844701,-0.0058807770514177305,0.007352627236448685,-0.028454917953773484,3.065678946401825,40.686220409586014,-11.829509852403726,-20.862491591483234,-14.526273612704376,25.890663192360456,-21.23911774441009,-5.386665811811862,0.11671294865576153,-5.805394290269178,-20.19454952339885,18.311482394932558,-5.532167487566355,-18.04745311377574,-13.99491648764076,-20.64356879061411,5.294003895031663,-1.2158211728109525,27.6495723183482,-16.667209768857212,16.795990284666196,-20.71680205444272
1890.392857142857,1.2387130952380954,0.7494357142857142,1.398313095238095,0.5077309523809523,2.0476047619047617,1.1413678571428572,7.7212523809523805,7.814764285714285,42.55607142857143,934.4696428571428,10.977317857142857,7.16154880952381,1.5236630952380952,5.584083333333333,119.33214285714286,3.4540404761904764,6.086972619047619,6.918365476190476,109.56678571428571,1.2221880952380952,33.10440476190476,32.9147619047619,-0.10332691370942362,0.025079739161578313,-0.07809778106957263,-0.08367623719748611,-0.010676734297209748,-0.11640126997747104,-0.11473333472874386,-0.01845406983806062,0.0001435033849418666,-0.004095130039955912,-0.0416927407720998,0.008315773203277074,-0.035434115208124846,-0.04170694725315497,-0.006816944822857218,-0.02034518751592744,0.005199054843239517,-0.05822457861202771,-0.018736118132564067,-0.017044585674793108,-0.03240576854353387,-0.04048417431439535,-1.8379029579804294,42.68639706651356,-16.040595240985535,-25.87639424723038,-16.655668200698276,21.208727820135586,-21.830073456575647,-6.955802897979672,0.4979893796374376,-7.682775621494471,-23.420672495460774,19.155993486910326,-9.460068216151528,-22.984086965840326,-15.865350720842203,-21.805008828790783,6.163803676352863,-10.306113895754375,26.33898482548938,-16.967325634890415,17.52328609301089,-23.89992585668499
1976.452380952381,1.1824857142857144,0.7318535714285714,1.3407464285714286,0.49689523809523806,1.9200785714285713,1.0503642857142856,7.576772619047619,7.808549999999999,40.435833333333335,927.2934523809523,10.93110119047619,7.112146428571428,1.5215607142857142,5.447414285714286,119.00095238095238,3.4588833333333335,5.8163535714285715,6.790555952380952,112.0175,1.207113095238095,32.937738095238096,31.627738095238094,-0.017273642258666545,0.027313110955029397,-0.07719827236061436,-0.025887054783241666,-0.03415806375410636,-0.04895523540631587,-0.08419320359605456,-0.02488788141355024,-0.006071454777143411,-0.03658314250396731,-0.06470453398266571,-0.06625150596941541,0.0034893388799668514,-0.12978681962927965,-0.07764746934454392,-0.05678410928694398,-0.01504177037008376,-0.03934179062723856,-0.03803306098222114,-0.017307635443181674,0.02216308442414999,-0.06519801953071742,-6.792305658155874,44.9110346359304,-20.512745806243533,-29.872145385456342,-18.76444484309804,15.054553039917815,-30.0242886983171,-8.84038956036261,0.418872635762717,-7.8058869318484865,-25.856088175417558,18.93792380574472,-9.28217137494363,-27.457756795452287,-17.641055540522657,-22.992911181151168,5.6722121795292075,-14.036245429944689,25.874784038470743,-17.7086262592464,17.153404775175176,-26.23159794158017
2063.8072289156626,1.126532530120482,0.687721686746988,1.3046493975903615,0.4939566265060241,1.780443373493976,0.9882626506024097,7.383993975903614,7.783146987951808,39.33301204819277,926.4469879518073,10.861375903614457,6.822385542168675,1.4476192771084337,5.125685542168674,111.87036144578313,3.332020481927711,5.428167469879518,6.411277108433734,110.11722891566265,1.1353012048192772,32.41385542168675,30.84301204819277,-0.01249566126267372,-0.06123591734828453,-0.011655049782398525,-0.045081133168880835,0.030562702055158028,-0.0486774167740207,0.010217658378216518,-0.05097200061522835,0.004222680822853961,-0.05566741005372747,-0.05059526468647528,-0.08735495429381478,-0.060896534841600035,0.004045635871652431,-0.016498305249242614,-0.08703072439137526,-0.01924867999596819,-0.022269804967329134,0.10148734644772991,0.03921242451991733,-0.012063760866428805,-0.05045614967583645,-9.451288635710739,43.19872929277109,-24.97821910284292,-31.98536630928513,-19.28713173119417,7.964491002597982,-35.92949776466227,-11.418024962777169,0.0940724184867405,-12.753900265208486,-31.873287168225207,12.95002083228472,-12.966202115748121,-34.132802627905996,-23.237428428437383,-29.053559650286477,4.079130918972102,-16.313329928279718,22.03163975557488,-17.757738389599044,16.57339691058935,-32.38026215305994
2151.4166666666665,1.076720238095238,0.6494595238095238,1.2643738095238095,0.5055214285714286,1.6952047619047619,1.0038107142857142,7.05025238095238,7.791790476190476,40.45035714285714,987.1944047619048,10.610329761904762,7.755175,1.380717857142857,4.842922619047619,103.65404761904763,3.193994047619048,5.157520238095238,6.0807440476190475,107.76452380952381,1.0391583333333334,30.768571428571427,31.545238095238098,0.08412021687421273,0.0002464509348393791,-0.0716630927116772,0.010197793247681447,0.007952171308330046,-0.09060206730928415,-0.006958156650777433,-0.0406796795742196,0.0012295214153519782,-0.04487799814705421,-0.0532011249773238,-0.010526195330528856,0.0006998769178533159,-0.0702872511675982,-0.07071354483053256,-0.04323174765951927,-0.06717182217847147,0.04376708948210754,0.032995418601115226,0.10487386136825388,-0.05467578653358608,-0.05430804136214083,-6.622097358930889,41.063120113881645,-29.208742120314678,-34.81633244774639,-16.82564579525909,3.3202258552646478,-34.10221704477143,-16.03108089842472,0.20630322705747955,-17.457537699664236,-37.42971588329185,5.594699541848605,-17.132631204737898,-38.98562219057368,-28.35677425593687,-37.69837929155626,-1.1135104847947512,-13.7370390410335,35.450807676475456,-11.346121195327502,14.262560150071248,-37.98777981104324
2237.964705882353,1.1119258823529412,0.6606011764705882,1.3827635294117646,0.5243317647058823,1.6551470588235293,1.035049411764706,6.852737647058824,7.800087058823529,43.46635294117647,1056.3882352941177,10.327348235294117,7.819670588235295,1.3901035294117647,4.927065882352941,107.41929411764706,3.3179,5.314990588235294,6.245215294117647,107.72694117647058,1.0644717647058823,30.992470588235296,33.67341176470588,0.11747958275428569,0.0025310673461269714,0.22785001852629344,0.1906159939960815,0.12718402795215908,0.20284005386292295,0.07752204125543181,-0.025391042477878045,-0.005760103204321965,0.05927893350783429,0.11987888490257166,0.007820502419962839,0.07276377661220736,0.17681473912687962,0.17631509396622796,0.08619322754751903,0.0703924339408318,0.05438028984181057,0.10969417830730897,0.19483636414136898,0.07261630281504897,0.12009869858854988,0.7099359170240782,41.03010078938084,-25.97418779181172,-25.72477335023419,-13.114129699933258,1.005698250018038,-30.9048866767516,-18.85619236270656,0.313235107402798,-16.742997886693736,-35.58514954309892,9.431944625701409,-13.266677539836811,-35.7575563340361,-25.564562826887794,-35.024944838413084,-0.35377500862601846,-7.108625821052667,36.72017289214897,-4.373357335855593,11.601285538697633,-36.16476423355322
2325.231707317073,1.486990243902439,0.7579731707317072,1.7551963414634146,0.6522475609756098,2.289110975609756,1.214740243902439,6.838996341463414,7.754164634146341,48.66036585365854,1359.2848780487805,13.261993902439025,9.9221,1.4875731707317073,5.647020731707317,94.57426829268293,3.554606097560976,6.843207317073171,7.870975609756097,110.80628048780487,1.1488365853658538,33.0745731707317,34.823170731707314,0.06526006871099792,0.06383586392825295,0.300530346402065,0.3604109000191607,0.27125886478605465,0.27723957758534906,0.20204889209347898,0.008951022636833731,-0.0018039414902458776,0.06668470322364523,0.1249904489851442,-0.19204824518535665,0.05906962797496086,0.21381507456009252,0.24516224418867902,0.05367013619441343,0.05609516292538515,0.04085500699938692,0.28310662476060816,0.2086680662803156,0.34810387465885745,0.12529586502432893,12.387484848473713,43.847869072983585,5.904997887519066,-0.38522695606251206,9.295140695430637,36.88188093346958,-14.16243796729174,-19.028112302072074,-0.2762031852714035,-9.816269679532548,-21.425998664038097,-2.80745026284337,-6.268273011267713,-9.474908348317605,-1.5084196434520132,-26.9724034563053,6.250528558541145,-3.6867803346364565,62.660671561151624,23.952857169814152,37.99224409489402,-21.897999140482415
2411.9277108433735,1.4358566265060242,0.7596759036144578,1.8059843373493978,0.6824506024096385,2.22804578313253,1.2224807228915664,6.831619277108434,7.751842168674699,49.75903614457831,1369.1240963855423,13.956862650602408,9.316222891566264,1.5032951807228916,5.658585542168675,96.71493975903614,3.6097060240963854,6.6899277108433735,8.279785542168675,115.6190361445783,1.143920481927711,33.75710843373494,35.28240963855422,-0.0400377361293794,0.011305014118674912,-0.2615775075758484,-0.2599275783654179,-0.13225517867983852,-0.18829385800601325,-0.14168780734526412,-0.0019941898968696566,-0.0003879323263187777,-0.05195836792490059,-0.11505388867306302,0.07913973711399845,-0.03925622443190956,-0.09888540522184372,-0.09967026440320806,-0.09487742318357498,-0.03905885719884763,-0.021366391353351104,-0.27800012318260514,-0.11003315209792157,-0.09402654509602888,-0.11370468190723752,14.878897422814203,48.142797662430695,3.65345022941806,3.750732855084796,14.806625978261263,35.628232359320634,-12.892239504319353,-19.132015724151902,-0.3059989746709015,-8.615523613923388,-20.574829983053675,-0.010448629174261408,-4.612494452171576,-10.444700987268835,4.90695811595834,-26.746981628876508,8.434796876397845,-2.328548138028101,57.59867236045827,26.006245004733028,43.793037753143004,-21.0361331324575
2498.1954022988507,1.2127494252873563,0.7029126436781609,1.5059367816091955,0.609864367816092,1.8906505747126439,1.1051954022988506,6.831297701149425,7.750327586206897,48.14241379310345,1243.0459770114942,13.28164827586207,7.8593436781609185,1.441680459770115,5.232174712643678,94.31689655172413,3.516990804597701,6.186299999999999,7.411149425287356,114.7740804597701,1.0669666666666666,32.76135632183908,33.98505747126437,0.024911144876589016,-0.00026218270119674343,-0.10810026905476364,-0.1400442057447632,0.014369903921173316,-0.1142954730942532,-0.021361427483200253,-0.0002664691277024371,-0.00028166160265458596,-0.029026829863349115,-0.03853857647494361,-0.07234189276220213,-0.00796091651897753,-0.09643655533232431,-0.09451792313005487,-0.03194360557230614,-0.018764418326139096,-0.028672562920974542,-0.06660769047755075,-0.06806268446632809,0.02801586723168137,-0.038144933438070884,11.81094696532484,47.48260263178074,-12.429675401270876,-13.507320736859699,3.9649785160275077,19.77289126537265,-22.598810556003396,-19.136030751385817,-0.3255174249914476,-12.71743015041138,-28.08972473650155,-2.1883070281747146,-7.102952286571392,-17.63199954781771,-5.33386198769797,-33.388939846088824,5.567958813290204,-6.034412006691726,41.461993043278405,17.046760371829,39.35889721957286,-28.481973108701478
2585.225,1.0991125,0.6827650000000001,1.3738424999999999,0.61379625,1.74781875,1.05277,6.8270425,7.75322125,46.4185,1159.973625,13.00365625,7.48436375,1.3946975,5.08093125,90.175,3.3942212499999997,5.69842875,7.041421250000001,114.478375,1.02459875,32.187374999999996,33.227125,-0.05217903834775619,-0.0018230055594499472,-0.0030099896937901827,0.037911444050281046,0.0018183794072904047,0.07312214892810268,-0.005066581149774374,0.00011143337190586133,0.002660733739557608,-0.0024455852247180776,0.0689304496060704,0.014679799051843107,-0.016990900463642183,0.034345998315192666,0.07573344963793763,0.023737802446361783,-0.0031074936324440583,-0.010747675510659055,0.012841911405710449,-0.015375381995063192,-0.04019177031047455,0.06868159580921393,8.270060937376623,47.227299235504354,-21.874301699197158,-22.198672227651052,4.820811195514147,12.282579477223454,-27.14674297664982,-19.198195100142186,-0.2881896959690374,-15.98877872373111,-30.879277654263348,-6.463257810278054,-10.597980355977395,-25.426711916578505,-9.90893897418891,-37.25755671423835,3.836663366121307,-8.280018469093832,37.117146945149564,10.300846184622651,37.443174192587705,-31.24606522808037
2672.3809523809523,1.112025,0.7519845238095237,1.4226154761904763,0.659902380952381,1.7975928571428572,1.0301654761904762,6.8268345238095245,7.768728571428572,45.44889880952381,1141.955476190476,12.603511904761904,7.507510714285714,1.3963880952380952,5.595915476190476,91.60166666666666,3.2946547619047615,6.006308333333333,7.326020238095238,114.02761904761904,1.0834535714285713,31.79079761904762,32.54559523809524,0.007367126249904765,-0.007263818734431123,0.056885112115436155,0.047641002674098765,0.12106068810341428,-0.032116408292469166,-0.01430539744017869,0.0006465764491979453,0.0028425206686263256,-0.0005903205981746434,0.1381703781110926,0.008267654475063724,-0.040222794377061034,0.10386653898811612,0.06863491443715082,0.10752454057146126,0.0025402232878545578,-0.022296069623357034,0.001302981031475483,0.040397613061161575,-0.012113598519532583,0.13908340206873482,6.230295320300028,46.83533356632082,-20.46694659001967,-18.3498427970499,12.223933274777133,15.403868713141735,-29.144069535283307,-19.201100039180606,-0.0881191833476569,-15.839097150293796,-21.090157330317975,-4.691484674155289,-13.524643935028692,-19.922513214257897,-5.6847307976835415,-31.53567419547686,2.6212241295901513,-10.343584957227213,37.808728200287035,8.891558338584877,34.47016255978798,-21.45514392882097
2759.4302325581393,1.1218593023255814,0.7847383720930232,1.4042906976744187,0.6528290697674418,1.762939534883721,1.038317441860465,6.780924418604651,7.774562790697674,46.40020348837209,1189.5156976744186,12.768695348837209,7.390337209302325,1.3656627906976744,5.8436790697674414,87.03418604651162,3.1810232558139533,6.233653488372093,7.397436046511627,112.80837209302327,1.054993023255814,31.952639534883723,31.813837209302324,-0.04331231346616879,-0.02263240919765878,-0.14413832256573986,-0.0840631391781997,-0.09358516777606582,-0.07855870934513975,-0.020592378172021242,-0.024029355182403088,-0.003741991956396609,-0.07450931203941136,-0.10614168540891353,-0.09503759682496492,-0.07390777769689673,-0.0985738296068083,-0.1619505446417578,-0.18598412169914588,-0.02934386612924677,-0.08231031235121083,-0.0939964908028292,-0.05103972160082342,-0.01979347049307266,-0.10822615337063017,8.45609295992371,45.76239759306306,-19.191173190068962,-19.247963966055405,11.3409381216888,13.84690558881137,-28.06216893243223,-19.875039944891046,-0.011579862325215561,-18.00889811065469,-16.513070865727908,-9.638036775945638,-16.848163552335297,-15.834502154179557,-4.394025026795882,-34.0683556310635,3.172813366540764,-12.622741001551432,36.63203447500072,13.438266559428675,36.06040665802705,-16.94628376375938
2846.7901234567903,1.0102938271604938,0.7393950617283951,1.3159074074074073,0.6330851851851852,1.691758024691358,1.0082,6.642020987654321,7.766701234567901,44.9420987654321,1129.1822222222222,12.324588888888888,6.906761728395061,1.2985703703703704,5.510804938271605,82.56197530864198,3.1003123456790123,5.909948148148148,6.755427160493828,111.24962962962962,0.9696728395061728,30.034074074074077,30.104938271604937,0.03831165808701047,-0.009375905839848753,-0.039060389738639255,-0.06321940168164539,-0.02240107647036654,-0.014245388940034336,-0.03162184073874713,-0.016338989938652966,0.005200762235223354,-0.03427105029426503,-0.007406597952255399,-0.021513619087630158,-0.009903805310479888,-0.022226729020321426,-0.05858340002199919,-0.04939718698122652,-0.08777193710893887,0.02227798383815666,0.04294900732703577,-0.020372597385339874,-0.04608181995320411,-0.007702889272468661,5.368516295634879,44.37574918295294,-29.34170032956857,-25.46113875354574,8.42941999080865,9.868961252214595,-30.845401662123958,-21.93649250137113,-0.11218302607272983,-22.98135522030239,-22.158909376335163,-14.708389019627745,-19.34738592512046,-20.844353193610118,-13.120176502829809,-42.18282693016794,-2.9874525775852514,-18.096442317734574,30.1213667438446,8.440845465781226,32.638437908651966,-22.67701900820606
2933.345238095238,0.965497619047619,0.7083428571428572,1.2968166666666665,0.6154690476190476,1.6299488095238093,0.9722845238095237,6.540460714285714,7.781679761904762,44.863214285714285,1101.1041666666667,11.853684523809525,6.907794047619047,1.256929761904762,5.281497619047619,82.10047619047619,3.0252904761904764,5.54697380952381,6.306730952380953,110.25928571428572,0.909177380952381,29.125,30.314285714285717,-0.02222315071507209,-0.012908059512415068,-0.07655340826073471,-0.0711024873388612,-0.02794084177934898,-0.06428629034939404,-0.03899428130731223,-0.022296649207495522,-0.002268943833633979,-0.042290754658425946,-0.05436917596699694,-0.007682494811159367,-0.019640488827765437,-0.08084475445785218,-0.04519904901120541,-0.11458619875809661,-0.015595984681863687,-0.021218514444380842,-0.058144717352335125,-0.04325370294551368,-0.05681303736938735,-0.054218610415611504,5.2773656952402375,43.486389224978815,-33.68995569708293,-26.718116100001712,5.732827563871049,6.25574126821452,-34.38265055803044,-23.46480833924961,0.08143980186455883,-26.199258228115962,-26.24879546484447,-15.09143413867483,-21.758577990014583,-26.985212603273162,-19.76912173325364,-48.47826622023843,-5.992412676308052,-17.373073452000764,30.352830240463042,6.055620776389677,28.81260241716737,-26.805567873396903
3020.453488372093,0.9506279069767443,0.7048383720930232,1.2083767441860465,0.6200581395348838,1.6230837209302325,0.9793523255813953,6.430596511627907,7.791330232558139,45.55197674418604,1083.464534883721,12.197475581395349,7.059869767441861,1.227767441860465,5.252026744186047,78.33883720930233,3.020867441860465,5.485586046511628,6.4396860465116275,109.6922093023256,0.8286093023255815,29.085348837209303,30.216627906976747,0.10026173418478164,0.005345479381637497,0.10910416471683158,0.08707385220005592,0.06065773120905752,0.18484673663439896,0.08349905405883304,-0.018154423773312507,0.000954895892890016,0.06256118148405787,0.07851076797639331,-0.0611232847416805,0.06933815737651007,0.09881122896071494,0.12067778249706951,0.07841850711904366,0.07164605675220838,0.032338969371567224,0.19658971616181628,0.10860768090850216,0.20506583011636612,0.08034754615639594,6.816297238656183,42.97448639804565,-35.00041765537406,-33.47315649969844,6.578621124055742,5.9541225682897005,-33.550607489723745,-25.154243055235415,0.20622850566096715,-28.49699063145914,-26.591866781013938,-19.653674650105316,-21.83798554828336,-27.76229067733206,-17.328768168012665,-57.47790642411778,-6.103378117465598,-17.67091365726308,32.76504553542935,4.528451636431953,31.68566027027319,-27.083803485641187
3107.8271604938273,0.9807197530864197,0.7504246913580247,1.2774740740740742,0.6382469135802469,1.7957493827160496,1.0203061728395062,6.348186419753086,7.774325925925926,50.83543209876543,1143.2154320987654,13.57518888888889,8.07620987654321,1.2844765432098764,5.581661728395062,77.24765432098766,3.1387320987654324,5.80470987654321,6.770755555555556,112.25296296296295,0.9188358024691359,30.18111111111111,31.11358024691358,0.014900362705945658,0.04140919916111949,-0.09848919512466028,-0.08386646257441464,-0.00844140567585578,-0.05936100653593616,-0.03837924566906826,-0.013536921862121071,-0.004517420538775312,-0.03981448720955228,0.03837677943875501,-0.009973956166078022,-0.05799711933015264,0.01163938163629203,0.0036617664886800043,0.02649324406056668,-0.03413793286478534,-0.00624576164420058,-0.019160635879118454,-0.056489472945504875,-0.06263902609127482,0.03977468971963706,17.96724724708594,45.30136647433271,-31.344371763184956,-27.354490467222615,9.629523731302319,16.77833083140694,-29.184042226782037,-26.437445904936496,-0.011089445168450318,-23.777479523782624,-20.260123540792286,-20.920037041294584,-17.875280743522445,-21.71686743010641,-11.843202685405725,-46.36582241875583,-2.353627992447892,-14.682865244510362,47.289670454362515,10.220326443644565,42.962298467719734,-20.57054715720052
3194.8823529411766,0.9633117647058824,0.7636411764705882,1.2337517647058822,0.6294564705882353,1.8389682352941175,0.9983682352941177,6.3104917647058825,7.76076705882353,51.44000117647059,1135.4382352941177,13.05914588235294,7.810992941176471,1.2564976470588236,5.67768,80.50141176470588,3.0564529411764703,5.772734117647058,6.79304705882353,125.23729411764705,0.9193752941176471,29.48949411764706,30.88870588235294,0.15372311716360235,0.17663150405493522,0.10467902089323583,0.10972735902170216,0.027116046944232263,0.16724977185510012,0.03549208104902263,0.011285394852925875,0.0009278168225131357,0.029444231078267148,0.0646563080077766,0.03110998958789426,0.05004085484036825,0.04879940196981275,0.07722800612583178,0.06268111133373071,0.010535406747457558,0.032652413289878994,0.10408805271547025,0.05617873452975003,0.11189721970691385,0.06511258249108763,19.28365770160711,56.36353089521135,-32.92289372394315,-30.607500420192327,8.34320912017478,19.3127470170488,-31.240292012657306,-27.026255806414365,-0.18504905253116907,-25.89697837257188,-18.37601105814812,-16.708209474903786,-20.448599033773434,-21.993469345212944,-11.2842095977077,-46.113750693775344,-4.646768521693948,-15.347194468039318,44.3986556357513,9.65328590542708,39.30196294189254,-18.64507786724048
3281.4523809523807,0.9719440476190476,0.7992940476190475,1.2472119047619048,0.6354869047619047,2.0331630952380952,1.0035559523809523,6.354504761904762,7.756391666666666,55.329880952380954,1140.3092857142856,13.352544047619048,8.288130952380952,1.2546511904761903,5.948291666666667,78.78226190476191,3.1345940476190477,5.93655119047619,6.826111904761905,131.97059523809526,0.9613559523809524,29.835357142857145,31.40440476190476,-0.0724350100546228,-0.02258898256441671,-0.07834742578319498,-0.11330103404385838,-0.053800619813805586,0.009445947758255727,-0.059519612690632565,-0.01569596250117819,-0.0011654101321940087,-0.05861664703240923,-0.040520018854861034,-0.004695591222238028,-0.04172466062183871,-0.07454824986362404,-0.11848437854176266,-0.037044129048229874,-0.023102239718915462,-0.037863036088406354,-0.028980664913306833,-0.07067411815036086,-0.12364135238656451,-0.044392015992863625,26.836276838764796,61.85200765771174,-31.834363883759902,-29.29040396324924,9.374526486042049,29.788043399720642,-30.64427496725288,-26.32655519460687,-0.2412640705936599,-25.994037526800906,-13.581903932876251,-18.7447460339707,-17.864188960883645,-19.03129669759556,-10.636342456525146,-41.50732167094175,-3.461940568806234,-13.648108076133523,50.772894048105975,10.158687221238754,41.79265233059829,-13.943390140623668
3368.8072289156626,0.9602361445783133,0.7659084337349398,1.2096277108433735,0.6234975903614458,2.0496144578313253,0.9914024096385542,6.238112048192771,7.751287951807229,54.16421686746988,1083.8414457831325,12.878932530120482,8.712143373493976,1.2239385542168675,5.713004819277108,83.19192771084337,3.0504867469879517,5.646848192771085,6.6042481927710845,128.5109638554217,0.9289650602409639,29.127710843373492,30.50530120481928,0.010840755170368721,-0.029416756446969367,-0.004295300041972603,-0.013496495613204951,0.02151679384744013,-0.023288516781111636,0.0193379646151813,-0.012724682029402936,0.0003112569171343819,0.011333524856666012,-0.06457565614312703,0.19222266295202672,0.018592099326300737,-0.054927156281708925,-0.03787189614589648,-0.0390289395775107,0.010420503067547467,-0.038243097763745744,0.0956376497511416,-0.02560385045513016,-0.011039812597277389,-0.06525719041236402,24.922127882786906,59.21908270606093,-32.91688849524845,-32.18994930859698,7.545800560571135,30.676207906699336,-31.793712115806144,-28.17182584749751,-0.30704059706829234,-28.432487296473127,-17.481771759307673,-13.325154365677573,-20.524020153817872,-23.875450009994854,-13.732707612525514,-44.81112157415385,-5.844591519343018,-16.528006206382813,56.08699550575307,5.116204303658985,38.367448108059016,-18.07172786661124
3456.4166666666665,0.9776142857142858,0.7653428571428571,1.1981107142857144,0.6542880952380953,1.9997738095238096,1.0183321428571428,6.192233333333333,7.759886904761905,54.40488095238096,1106.3307142857143,12.421332142857144,9.138177380952381,1.242967857142857,5.705672619047619,96.7629761904762,3.0661285714285715,5.745532142857143,6.480710714285713,126.39630952380953,0.9406273809523809,29.748809523809523,29.521547619047617,0.0699171370409659,0.002547641908068332,0.09942915460040598,0.06380872287350338,0.0524640563447324,0.07902332220675892,0.04095463627438086,-0.01627245644893947,0.0009984340550707922,0.02547047761359093,0.054105014745196786,0.12184604798923421,-0.0035298972776224395,0.08470962935386374,0.0515812495431026,0.06437520101466958,0.015868129411726408,0.02158282005035806,0.14251920191338702,0.04595976894681262,0.005428963614881453,0.054691886675787386,25.468364169638356,57.58555963737372,-31.07218684728328,-33.008457547699265,12.433284630901564,28.296556377176508,-29.077493477207966,-28.908810658449063,-0.1960903540217196,-26.876234909596686,-17.509993236649247,2.0549784131055793,-19.97740844374108,-22.039016709285097,-15.476507429770333,-43.473913457861194,-3.718580831131879,-19.774875720996153,61.04677920180167,7.231330653608764,34.825216226275806,-18.043654496869983
3542.464285714286,1.0842345238095237,0.7554702380952381,1.2562607142857143,0.6451,2.2593690476190478,1.0368238095238094,6.1273880952380955,7.756577380952381,61.1572619047619,1114.8545238095237,12.918988095238095,9.986721428571428,1.2657714285714285,5.633911904761905,98.49488095238095,3.216207142857143,5.960392857142857,6.557653571428571,130.87428571428572,0.9319559523809524,29.861309523809524,31.28345238095238,0.12883385963480265,0.05055433073539134,0.03672481058104265,-0.04724145866214383,-0.07394410041281271,0.05826642753553959,-0.0052243302104252425,-0.0027070836279099613,-0.0011345271530805684,-0.008083124114171716,-0.047388215682328934,-0.026934100266947408,0.06255593922085663,0.03405031284547481,-0.0357656800548162,-0.0674240235223895,-0.014504924352580561,0.03423827083799772,0.0017381792360648169,-0.05956156873409425,0.03792825941934768,-0.047921915493189964,37.35963587783756,61.086674205810105,-20.463853289025362,-27.98096678492721,11.133162994304755,40.70975158378342,-27.204969706575124,-29.957450814897935,-0.23864533305775576,-25.00241340260581,-18.663354979147975,4.227680393986704,-15.107020164782108,-18.063084278221744,-14.037157236859942,-44.199860894327344,-3.311199505672712,-13.908089924229168,70.3059328941115,8.085885490372924,38.979305778415174,-19.227749538678836
3629.734939759036,1.091489156626506,0.7343180722891566,1.2082722891566267,0.614910843373494,2.3030614457831327,1.0607096385542167,6.08019156626506,7.754326506024096,61.993012048192774,1062.609156626506,13.070103614457832,10.33661686746988,1.2555939759036143,5.477331325301205,101.25289156626506,3.2305132530120484,6.0810626506024095,6.500183132530121,130.8801204819277,0.9029036144578314,29.68879518072289,32.020963855421684,0.00250090283674224,-0.010980474846622056,0.08147806545321168,0.03586343620867584,-0.019217301082079235,0.10274508045923735,0.09439742211004305,-0.012044605060405604,0.0014137021365680721,0.02162853599045193,0.0042542829680850295,0.049033285499500416,0.033151061033489714,0.054127812190889975,0.026136545473906637,0.0027003938331123653,0.03036942414255251,0.06679210999423432,0.12774783609158766,0.008483548042285542,0.020013422325416256,0.003995684150262558,39.244410905021546,61.10929341362462,-19.661497960358336,-31.66556777950928,6.433703946212028,42.94468507978718,-24.894829872722646,-30.729871607058737,-0.26763530002879465,-25.7777694078525,-21.396426319829654,7.099755218782052,-14.537668647321894,-15.8278978390134,-14.739742104254164,-47.246539454116565,-3.8781813154871445,-11.528926051985485,73.9473978949003,3.3564994871529774,40.3488264218413,-21.982097092625068
3716.9277108433735,1.090010843373494,0.7266,1.1743144578313252,0.5989506024096385,2.2862048192771085,1.1010530120481927,6.182161445783133,7.756431325301206,60.64590361445783,1051.730361445783,13.116602409638556,10.651698795180723,1.259622891566265,5.423081927710843,102.17879518072289,3.2663674698795178,6.004118072289156,6.507109638554217,130.58493975903613,0.8861096385542169,30.251807228915663,32.445060240963855,-0.06767925807906923,-0.0032212162569871224,-0.07292308421896564,-0.05621874753983671,-0.022356178294227123,-0.08875982765724351,-0.026623644400576456,0.03695372383728698,-0.0018467962352191165,-0.02152228097673979,-0.011655466180079385,-0.005323772281054016,-0.047276264327610645,-0.05742656736670079,0.02725368146312466,-0.01388363930021057,-0.011819593779941073,-0.005885800826562478,-0.05929097786821712,-0.0683789695179623,-0.044970087878135695,-0.011993894344259395,37.130102278515665,60.884715078881925,-19.62857171971859,-34.4007773393523,3.859221979016128,42.4183970532738,-21.07442575608524,-29.065184621979874,-0.24038454941984005,-25.432094422433018,-22.33590420157801,8.12787603523648,-13.378686053869348,-16.974506001916797,-14.529061483006688,-49.04319013022775,-1.9802654781099724,-10.156936151737122,77.23235600807315,2.3680663833937396,40.80356325584997,-22.98268964816878
3802.964705882353,1.0782929411764706,0.7502411764705882,1.1813247058823528,0.5973988235294118,2.2661588235294117,1.0874988235294116,6.180562352941177,7.7511600000000005,60.39732941176471,1025.0076470588235,13.090117647058824,10.74602,1.2514247058823529,5.591590588235294,103.52188235294118,3.1980588235294114,6.197249411764706,6.88257294117647,130.2284705882353,0.9099658823529412,30.009999999999998,32.193411764705886,0.054405441379428154,0.00045350683761344486,0.07403960014326723,0.10179989828995438,0.03918628465286423,0.10827626265854834,0.036757486201380925,-0.020672982993976553,0.0018963203169613757,0.019771173010011606,0.08817570409784906,0.08838021917956136,0.023739324338038915,0.08725778386662174,0.09040596982698662,0.07815223517749248,0.016821167134749244,-0.014521320426406211,0.07861042348013267,0.039411367430646736,0.051213833531026966,0.09121917314433367,36.798171888170614,60.611831328308234,-20.64698002962113,-33.75355409732491,3.615494157061855,41.69731830057729,-22.277916643873148,-29.08054455892174,-0.3083123843255281,-26.071455921358087,-19.267613285175784,9.447351467641464,-15.451578748102783,-13.76570914738975,-8.868746246981825,-46.36357841872997,-2.7729157599059717,-10.91278707357566,78.27585055974302,-0.15287716398580115,40.64329442903464,-19.774026322365952
3890.0,1.1867716049382717,0.8153999999999999,1.2862753086419754,0.638683950617284,2.5680345679012344,1.1544604938271605,6.164482716049383,7.7547296296296295,61.97296296296297,1086.5033333333333,14.080107407407409,11.301592592592593,1.305504938271605,6.067662962962963,115.31802469135803,3.417458024691358,7.079430864197531,7.596951851851852,131.03530864197532,0.9590728395061728,31.024444444444445,32.70493827160494,0.002484677454321301,0.01648912155487157,0.14829724590248805,0.09166251483154875,0.09536916318818316,0.1213234135930892,0.1574669893890214,0.02230561179855705,-0.0018910839832181406,0.07414071132412667,0.13947964473949853,0.08725641769892896,0.12621296056312045,0.23193933354286925,0.1705914523161755,-0.030888272150631894,0.0525217585075169,0.012022326886847368,0.03960998150513846,0.058900837094343766,0.13880301450157412,0.13990213131418172,39.43484889602738,61.22982205950678,-10.993430846899571,-25.064331216452022,10.346140677077305,54.625836812478276,-16.277287685796182,-29.337417212003093,-0.26210328560032525,-21.826715855792244,-11.054386961910518,20.327493615812852,-8.817602722058686,-0.5115351703526985,1.021684741499297,-40.93483868557076,0.551789541065285,-9.315618224923545,83.44871966254652,5.771539560882824,47.93756183027799,-11.401228537789443
3976.9277108433735,1.2848277108433734,0.907555421686747,1.3380096385542168,0.6596373493975903,3.020278313253012,1.2409915662650604,6.223196385542169,7.7542746987951805,62.70843373493976,1097.916265060241,15.162840963855421,11.913439759036144,1.3540481927710843,6.769601204819277,119.88301204819278,3.628266265060241,7.763110843373494,8.473633734939758,133.01349397590363,0.9527891566265061,31.14325301204819,32.79614457831325,0.03325910398637139,0.015888743295255647,0.01967128731872285,0.026788737199286032,-0.01888647836010951,0.21387632401281936,-0.021771765738874065,-0.00989797139059334,9.588123580102108e-05,-0.004356483703296164,0.037938789058092504,0.06630518635492798,0.013500035023429429,0.010993147653234591,0.039554890671721264,0.027656765658766107,-0.03555432091910443,0.03344833008751159,0.05426889268362009,0.009855247161209951,0.031484273616016016,0.03505229310346808,40.67222154660121,62.73195147992758,-2.766283565694846,-20.832361147916014,13.682573051773922,71.38523030341618,-8.83808365715023,-28.380126308098532,-0.267796858964489,-18.110385597418556,0.11032001800162634,24.429030983972762,-2.643564153444018,9.21007751646009,12.233080260309084,-40.4962533464105,0.9972836589571575,-9.020073631067016,89.0368759927539,6.967441883886631,55.60841145524949,-0.4719397691168052
4063.4186046511627,1.3577697674418603,0.8973395348837209,1.5091383720930232,0.6446476744186047,3.4335197674418603,1.290339534883721,6.278177906976745,7.7518244186046505,64.63976744186046,1154.8768604651164,16.189566279069766,12.812476744186046,1.3793837209302324,6.695275581395348,122.56779069767441,3.9724232558139536,8.114905813953488,8.428106976744186,135.14441860465115,0.9566395348837209,31.72139534883721,34.84953488372093,0.03297340542639901,0.06252299628538016,0.10482564406569597,0.12842531825242232,0.014207060749495029,0.2608932852283424,0.08498863560596082,0.029475141224398968,-0.0005375485440792184,0.06434434938984925,-0.014606405992305232,-0.037644769381765,0.21414112686492517,0.1099946330592418,-0.015255021468362811,0.047090113901958296,0.08015638946140262,0.09086716609859705,0.15360410612875341,0.0754894184927418,0.11260652865401899,-0.014624178278277444,43.751505317280966,64.31303289421588,3.03594153007446,-8.52073448671989,11.529810427388028,84.47860269363281,-4.821226353686834,-27.496350702911954,-0.2991546308598338,-16.18576907889629,-0.6955195404659048,26.76154431245123,6.418988785612453,14.13177527777631,12.001072310732125,-39.853018957904155,2.880240191425962,-2.9345226301941554,96.54943795977155,12.14390589484951,62.295883536574706,-1.3032043448213861
4150.728395061728,1.3978333333333335,0.9152123456790123,1.5070148148148148,0.6677012345679012,3.8980765432098763,1.3560975308641976,6.432551851851851,7.757617283950617,66.22012345679012,1166.9754320987654,17.070462962962964,14.720097530864198,1.4132703703703704,6.82818024691358,120.66037037037037,4.294993827160494,8.601520987654322,8.508833333333333,142.41987654320988,0.9947679012345679,32.806790123456786,35.89185185185185,0.04440101741882449,0.01713474438178734,-0.005834739687091722,-0.01133330190312794,0.07986417695758932,0.03241097194114773,0.06271264398042238,0.042133003872694925,0.006013671398040779,0.0015989701750097878,0.03970232848092425,0.014107197810690975,-0.06705129482844109,0.028884078036909247,0.028324565422112435,0.05795811284436807,0.01774172730719464,-0.02340680468171676,0.18602634263656911,0.029305968866198562,0.09491727599177524,0.03940825952840826,46.23306679271461,69.60546701279885,6.250192110408282,-8.268715116444168,15.114575785141849,98.37659687798819,0.24569186277080665,-25.046908413402267,-0.2243842137485623,-13.657410053663341,1.4733964442628882,25.334448862684663,14.727725706129172,20.222164680294863,13.171519796953774,-35.76880306534999,6.366809222335804,0.1026516852290948,110.6998304071892,13.396982036154384,67.7867302960621,0.8750022899571528
4237.894117647059,1.3505694117647058,0.8914235294117647,1.477464705882353,0.6972788235294118,3.6884823529411768,1.3190317647058822,6.512829411764706,7.765277647058823,67.092,1178.9656470588236,17.906908235294118,15.260302352941178,1.373769411764706,6.6409811764705875,111.484,4.043170588235294,8.380309411764705,8.285511764705882,144.9901176470588,0.9784647058823529,32.662588235294116,35.31364705882353,-0.01250067943582028,0.03795554838108039,-0.02462447939208474,-0.04916520380564142,-0.02614956088822869,-0.12212991161196628,-0.0817723789004579,0.0010459556048667811,-0.002816300261408281,-0.037484931430762106,-0.03468508663477392,-0.10145248029398882,-0.005413223100551753,-0.04410745529688323,-0.03121638534525589,-0.03241666460420639,-0.02934535778628488,0.0007713544266467883,-0.00758260918264246,-0.017724179057185294,0.017159288009274784,-0.03071469456746229,47.59366070781858,71.43292741937272,3.079180524173806,-9.874694013569504,19.644779536940476,93.52664424125058,-2.2959189850311463,-23.778797187844653,-0.1230797824570588,-16.39424890262574,-1.1134993902998236,17.625495261401117,8.872482742590238,17.849871855720135,10.659035953122181,-37.24083983963078,6.013359769253166,-1.4849169708772179,115.39698967985211,14.691232857378953,72.93821308585724,-1.5633533064037204
4325.453488372093,1.3268779069767442,0.8944906976744186,1.3931639534883722,0.7474813953488372,3.2906058139534884,1.3010802325581394,6.644767441860465,7.757796511627906,67.0089534883721,1130.9047674418605,18.740898837209304,14.308366279069766,1.3527558139534883,6.655558139534884,103.1103488372093,4.054959302325582,8.318160465116279,8.466083720930232,145.47976744186047,0.9739755813953488,31.843720930232557,34.930813953488375,-0.008993415936810868,-0.012067433201820126,-0.0639045719218293,-0.0834959304150429,0.1356678124987874,-0.11892116461442558,0.00326305345418732,0.01571190406110586,-0.002006080921591783,-0.012100382649809414,-0.00822093875176095,-0.10119807959290683,0.003980755165542312,-0.050295464549016254,0.035089875850376755,-0.027259094116768016,-0.046871688017632675,-0.035465215272895534,-0.14903220036000286,-0.09016277843061592,0.06168838834614303,-0.009506467389306538,47.516919283120615,71.83740827700767,1.6026573587399724,-15.466562252641467,27.093684180812875,82.83222560714124,-3.4411572908898904,-21.7570590322222,-0.21912320419714332,-17.847871512393098,-0.7684557563395995,10.132106632100253,9.349451931901912,17.399961966228474,13.016132907120397,-37.58683137242703,3.5353057347287073,-2.545753302918578,109.7322502293541,10.751580568956449,77.85884827856817,-1.0889454795767275
4412.375,1.33603875,0.93106125,1.40528875,0.806335,3.2686325000000003,1.33037875,6.845585,7.75694125,67.555375,1163.312375,20.18635625,13.8091825,1.41475875,6.925001249999999,110.81925000000001,4.35302375,8.40270875,9.0281825,148.292125,1.0028475000000001,31.749874999999996,35.40325,0.017291290495579648,0.03303619897242496,0.01553185946294236,-0.004289538174867269,0.04466496719675306,-0.033009721583342616,-0.006864491583115223,0.038765468793640345,0.0003884981879677396,0.043053292520605774,0.050922004136726005,0.1384486113373956,0.08711923771069566,0.041297730217986356,0.02835069891765643,0.026331912584743877,-0.002360296721137106,0.01814869398327479,-0.012683957797511025,0.06178853291549644,0.10144280348831884,0.05237977827861395,48.35710057150946,73.77350795194513,2.4245733400901543,-14.415177981051045,35.022307398513775,82.50101661276855,-1.1032924475582246,-18.770545541287603,-0.23003896950718902,-13.32745855787876,3.2805472610967037,17.48241345449977,16.486989630224116,18.59298943980924,19.591858380932372,-34.5767688726337,3.3097767932940365,-1.1649213373967329,106.87921242249611,13.74492855175844,85.7625988070154,2.9996029973691227
4499.369047619048,1.3226095238095237,0.9278380952380952,1.4224999999999999,0.7938095238095239,3.1454285714285715,1.3393357142857143,6.884367857142856,7.771675,65.4029761904762,1133.1497619047618,19.254325,13.197738095238094,1.402745238095238,6.900021428571429,112.06642857142857,4.3976726190476185,8.483269047619048,8.888107142857143,151.67880952380952,0.9973571428571429,30.489880952380954,34.69238095238095,-0.053365201246865133,0.02094606221598487,0.02409403274734746,0.03939172199167292,-0.028895582370723153,0.04204165331285573,0.04268840163113746,-0.011565979605036792,0.00536173594499518,-0.022009596365555568,-0.04648513117883388,-0.02006841477164792,-0.04059159411140545,0.02842427952381181,-0.009012117658662748,-0.023998637839147314,-0.04133007920382115,-0.03614869667816159,-0.023827917173584113,-0.03194264257673496,-0.12885727338359956,-0.046827018969332,45.14662460604016,76.04511834634165,1.5454821227120306,-13.026948066229828,33.588884014170354,78.99267265966229,-0.34751080008100166,-18.18011015891166,-0.04018087915875886,-14.106236456288638,3.0564804016769127,18.95492476543713,17.56747950054883,19.69461636781827,18.195116722611466,-35.01263274179018,-0.6734576850940482,-3.1626405213893998,102.82532712228009,11.321676060631953,81.49256390043352,2.790562663885439
4585.952941176471,1.280794117647059,0.8611117647058825,1.3724411764705882,0.768464705882353,3.1945458823529416,1.2727611764705884,6.70416,7.810594117647058,64.3195294117647,1131.0791764705882,17.893477647058823,13.105617647058823,1.366295294117647,6.404461176470588,110.9410588235294,4.264542352941176,8.085329411764706,8.273928235294118,153.0709411764706,0.9642164705882352,30.253176470588237,33.52223529411764,0.014737882125031021,0.002456927781733101,-0.060854179567784154,-0.019020840300659172,-0.043155717543149945,-0.026940056313156626,-0.0885010361537164,-0.027118617845178904,0.0027368386451651237,-0.022005460825414273,-0.05749944810682283,0.021622790875988063,-0.01646424393873688,-0.06672599409308774,-0.07215882692996001,0.001525141686024872,0.00884025204133789,-0.025335611099584585,0.033276624530850424,0.024765498608681068,-0.030944894427907755,-0.057905691012466384,43.51570150951772,76.97314357370165,-1.5962488011542328,-16.485726684346425,30.440946857521446,81.07343601513566,-5.409969863231766,-20.832101299168578,0.4597185618164678,-16.716702475956442,-4.3257457275248115,18.06122897123596,14.510876975876096,14.947595240563496,11.083801978220498,-38.312934757832586,-1.4105858334820307,-6.570114833039987,102.5854483380823,11.234589769662245,74.39182682715855,-4.603130635311885
4673.365853658536,1.289870731707317,0.8416719512195122,1.4209073170731708,0.745830487804878,3.239480487804878,1.2641414634146342,6.5644731707317066,7.810625609756098,64.43975609756097,1094.8896341463415,18.957819512195123,13.249213414634147,1.3455475609756098,6.264731707317073,112.37426829268293,4.106146341463415,8.099569512195123,8.24844756097561,153.48743902439023,0.9800524390243902,29.920243902439026,32.646341463414636,-0.03221617353364702,0.006813222804271874,-0.0342030911777369,-0.023418793928172914,-0.06821105057105235,0.00761266438306015,-0.0203558124308774,-0.06926144439523511,0.0015669614234963703,-0.04270417842569175,-0.06080465966328139,-0.03579683872826272,-0.0956640369802555,-0.03926042357807753,-0.041424500971064294,-0.04614508269035593,-0.047791275130633054,-0.07408699536133972,-0.15080497825088346,-0.08115910815687806,0.03324730377975589,-0.06095775722539373,43.728483636136126,77.24948230051216,-0.7870495041599072,-12.910452999517533,27.563300525264676,82.6081164553672,-5.975463238935719,-22.9097659381407,0.4608862375849456,-18.22521592433094,-6.43520095696983,19.425215978911268,10.712889779989343,15.25006392758554,10.90739050578837,-36.613600417472895,-2.5071792834122424,-9.210395798727122,103.83107142345365,8.021633012266987,80.28617178765224,-6.789937347924787
4760.392857142857,1.2985559523809524,0.8209809523809524,1.3924119047619048,0.7214857142857143,3.3973988095238097,1.2787071428571428,6.326204761904762,7.840636904761905,65.70857142857143,1073.1571428571428,18.804492857142854,12.08625,1.322588095238095,6.114238095238095,107.83785714285713,3.9144107142857143,7.890482142857143,8.38804523809524,156.13345238095238,0.9631678571428571,29.42904761904762,31.507619047619045,0.06992781536898904,0.03254753718325049,0.0771062625349839,0.062281375862534495,0.07917627431786192,0.19183815545125663,0.06506513485376347,0.023864577353854173,0.0034826961023269928,0.026117210801352802,0.07595129223713319,-0.005268216556088477,0.023986080010594095,0.0741895549677477,0.1376161107345561,0.06570521457768898,0.03370689137722945,0.02788646636575248,0.08029122733319016,0.015048128983971565,0.08761933256122581,0.07589264729949907,45.694536967390356,78.96486329660004,-0.032926053022639505,-14.833398925077793,24.357472960203612,87.44971546653153,-4.747508058368206,-26.567430677124527,0.8446752457695988,-19.91433934101895,-8.794295086666079,15.391072715843409,5.996926328715787,12.771389353701492,12.674458759069157,-38.28739675359649,-4.139986685660962,-12.719075709230776,95.12576104375371,6.137007029874106,79.62838272674195,-9.204727401066574
4846.452380952381,1.3589499999999999,0.8590642857142857,1.4818428571428572,0.7637571428571429,3.9046261904761908,1.3083809523809524,6.720246428571429,7.845419047619048,69.53357142857142,1114.2157142857143,19.280688095238094,13.86502738095238,1.3626166666666666,6.40314761904762,111.14345238095237,4.0678214285714285,8.209044047619049,8.91142738095238,160.8488095238095,0.9857142857142857,30.513690476190476,32.84690476190476,0.0883020336312301,0.07924629263981742,0.05478530653361336,0.06568973527809581,0.022287359308986204,0.09094495375110476,-0.0036954159454702503,0.08279623941119278,-0.002720765663264111,0.02478186292157749,0.007852265684599577,0.05140613643182418,0.04680824236589432,-0.0065798840538945835,0.009092216614374812,-0.009865998156540264,0.018852626956914316,0.009404864655396911,0.13846636486633918,0.03260923237908989,-0.07615294033133552,0.005711587277471273,51.389680129042894,81.93754047977949,4.625274837433632,-8.504222323748552,30.138014634312423,101.85748263024668,-2.358486750949875,-20.517677268204,0.9058584699937259,-16.899099281619808,-4.0840068976782975,18.47649500676064,9.8503741029434,16.86587596883705,18.954977755168596,-35.902899504770815,-0.4894205989725168,-8.514325688296527,109.223175159266,9.98240323239016,82.41431412195145,-4.574931595444467
4933.175,1.3952425,0.8760775000000001,1.488255,0.7766949999999999,3.78844,1.322565,6.8823437499999995,7.832084999999999,71.7787,1125.158375,19.6545175,14.169322500000002,1.3702562500000002,6.5381,111.81800000000001,4.15579,8.467711249999999,9.033225,177.22475,0.9942275,30.822125,32.55075,-0.026424955835879643,0.06640592723476738,-0.0061858363583693066,-0.05140796426037777,-0.006249586983465838,-0.10981736528127617,0.02186140496668737,-0.03127379918749368,0.0032656640665110204,-0.01928152098335842,0.020567075983191074,-0.05150208017400043,-0.012837968018180879,0.0470056347798975,0.024657493381396306,0.023313615925633496,0.009775168085175562,-0.041980432264030754,-0.07395682329492781,0.0033591254471659893,0.02533109693216115,0.01901400728421057,54.67682375910739,91.65512247402349,7.374540773962876,-7.94745804174039,31.923261057297662,99.3268109512519,-1.2214209884745952,-18.067232729593925,0.7373540210998479,-16.317265103916377,-1.9384711402962007,19.117593346258907,12.008873455937245,20.05063323321603,20.435049552480187,-34.993495501740504,0.5479013130380654,-9.37862315998679,112.0644742977515,11.051369365493333,84.57798628318596,-2.552862655100801
5021.77108433735,1.4155879518072287,0.8879578313253013,1.4864349397590362,0.7684867469879518,3.870501204819277,1.336110843373494,6.755487951807229,7.847242168674699,69.91060240963856,1145.8939759036143,19.124030120481926,14.207710843373494,1.3590421686746987,6.627526506024096,110.81240963855421,4.110150602409639,8.62542530120482,9.37184578313253,176.72951807228915,1.0055180722891566,30.93831325301205,31.69277108433735,-0.02180259496055186,-0.012416335396223211,0.06067681129103965,0.07241447417721934,0.04949600556175147,0.08963906882344921,0.035068944868346566,0.03694188242729841,-0.0011647676377804673,0.026563568307194807,0.03309139015002041,-0.0014988703122498894,0.027468562275876834,0.046167466884642766,0.061624841466620756,0.011958465055429907,0.03496099542962261,0.01355006418894712,0.11586672386110045,0.08300510291399471,0.03931241310143784,0.03277384541583265,52.13681764300751,91.43890209696747,8.929453727356657,-7.9464546262401425,30.992405643465375,101.73349018419484,-0.13383053624275454,-19.897129106585147,0.9312417230905405,-17.121568230919976,-0.5338090005225768,18.27251025470372,10.918515150509522,22.019937710294432,24.19854033714146,-33.8323594206652,0.9395195463763799,-12.001333928345149,112.69316878433463,12.917128157295803,82.0138988753661,-1.1588440038200234
5107.464285714285,1.454147619047619,0.8959940476190476,1.5352190476190477,0.8059547619047619,3.941836904761905,1.322509523809524,6.987086904761905,7.82902380952381,70.14761904761905,1189.112619047619,19.38587976190476,14.648184523809524,1.3718571428571429,6.687891666666667,107.50738095238096,4.162395238095239,8.805286904761905,9.545114285714286,177.7297619047619,0.9861880952380953,31.208571428571428,30.799285714285713,0.018017583869059516,0.0382942922514558,0.032870076001463376,0.04999871921922469,0.031025846235954856,0.07361411038902624,-0.024454885656593643,0.041956256733760446,0.00023194551553135367,0.00686261805018174,0.026719894043264733,-0.005245682979440482,0.0002562068735310698,0.044853714027337246,0.04009322636035206,-0.0057972285577494245,-0.02008059229627707,-0.036755376891963364,0.049296464403295444,0.006496488496564907,0.007192073966260939,0.026879803032335888,52.52371571222681,92.02168794981395,11.68128412614394,-4.638695149036643,35.82354701458979,103.7625875971923,-1.1198013287862332,-16.505889403877056,0.6997474242431957,-16.166773227998068,0.405016286873073,15.296615410546037,12.19853163398175,24.16855214331791,26.109935474850186,-35.7162578135418,1.8422295221701925,-14.819691544098227,115.99906599528234,16.715828907948563,83.55948667801195,-0.22703513862191965
5183.322580645161,1.4627387096774194,0.9029854838709678,1.5523806451612905,0.7767467741935483,4.112424193548387,1.3196870967741936,7.044822580645161,7.825027419354838,71.20758064516129,1175.5375806451614,19.247912903225807,14.699209677419354,1.3629693548387096,6.746312903225807,108.68435483870968,4.16361935483871,9.108324193548388,9.614348387096774,180.96774193548387,0.9894419354838709,30.47983870967742,30.262096774193548,0.016746934644332818,-0.006052836439353024,-0.0657864940890361,-0.11886439680619316,-0.11983255988478961,-0.05448732243347975,-0.03419319932705318,-0.04236062716926659,-0.010452898594942046,-0.04531234534950853,-0.045428154425401185,0.008732736100526058,-0.037317340690459326,-0.05358542881516804,-0.08138965157684713,-0.04890614323460625,-0.060177022767381676,-0.04471185324362787,-0.1285623823851019,-0.05460783425717649,-0.07300915160881032,-0.04661690037597418,54.095411473095744,93.84680618114336,12.333155843723867,-3.4475127754586152,32.23470649796692,108.24256406181512,-1.3042594112272903,-15.649101974513213,0.649434622438419,-16.803103387972087,1.3087855942346527,16.43726901106825,12.244282414628191,27.636343498180924,26.900710126107985,-35.33955552634316,-0.5047622755918169,-16.559826414241105,116.6199172600579,15.641591440510267,82.93003140675742,0.584260455701966
